,Pillar_center_X,Pillar_center_Y,Frames_worm contact
0,235,290,"[array([ 0,  1,  2,  3,  4,  5,  6,  7,  8,  9, 10, 11, 12, 13, 14, 15, 16,
       17, 18, 19, 20, 21, 22, 23, 24, 25, 26, 27, 28, 29, 30, 31, 32, 33,
       34, 35, 36, 37, 38, 39, 40, 41, 42, 43, 44, 45, 46, 47, 48, 49, 50,
       51, 52, 53, 54, 55, 56, 57, 58, 59, 60, 61, 62, 63, 64, 65, 66])]"
1,300,215,"[array([ 0,  1,  2,  3,  4,  5,  6,  7,  8,  9, 10, 11, 12, 13, 14, 15, 16,
       17, 18, 19, 20, 21, 22, 23, 24, 25, 26, 27, 28, 29, 30, 31, 32, 33,
       34, 35, 36, 37, 38, 39, 40, 41, 42, 43, 44, 45, 46, 47, 48, 49, 50,
       51, 52, 53, 54, 55, 56, 57, 58, 59, 60])]"
2,300,365,"[array([ 0,  1,  2,  3,  4,  5,  6,  7,  8,  9, 10, 11, 12, 13, 14, 15, 16,
       17, 18, 19, 20, 21, 22, 23, 24, 25, 26, 27, 28, 29, 30, 31, 32, 33,
       34, 35, 36, 37, 38, 39, 40, 41, 42, 43, 44, 45, 46, 47, 48, 49, 50,
       51, 52, 53, 54, 55, 56, 57, 58, 59, 60, 61, 62, 63, 64, 65, 66, 67,
       68, 69, 70, 71, 72, 73, 74, 75, 76, 77, 78, 79, 80, 81, 82, 83, 84,
       85])]"
3,310,430,"[array([  0,   1,   2,   3,   4,   5,   6,   7,   8,   9,  10,  11,  12,
        13,  14,  15,  16,  17,  18,  19,  20,  21,  22,  23,  24,  25,
        26,  27,  28,  29,  30,  31,  32,  33,  34,  35,  36,  37,  38,
        39,  40,  41,  42,  43,  44,  45,  46,  47,  48,  49,  50,  51,
        52,  53,  54,  55,  56,  57,  58,  59,  60,  61,  62,  63,  64,
        65,  66,  67,  68,  69,  70,  71,  72,  73,  74,  75,  76,  77,
        78,  79,  80,  81,  82,  83,  84,  85,  86,  87,  88,  89,  90,
        91,  92,  93,  94,  95,  96,  97,  98,  99, 100, 101, 102, 103,
       104, 105, 106, 107, 108, 109, 110, 111, 112, 113, 114, 115, 116,
       117, 118, 119, 120, 121, 122, 123, 124, 125, 126, 127, 128, 129,
       130, 131, 132, 133, 134, 135, 136, 137, 138, 139, 140, 141, 142,
       144])]"
4,310,500,"[array([  0,   1,   2,   3,   4,   5,   6,   7,   8,   9,  10,  11,  12,
        13,  14,  15,  16,  17,  18,  19,  20,  21,  22,  23,  24,  25,
        26,  27,  28,  29,  30,  31,  32,  33,  34,  35,  36,  37,  38,
        39,  40,  41,  42,  43,  44,  45,  46,  47,  48,  49,  50,  51,
        52,  53,  54,  55,  56,  57,  58,  59,  60,  61,  62,  63,  64,
        65,  66,  67,  68,  69,  70,  71,  72,  73,  74,  75,  76,  77,
        78,  79,  80,  81,  82,  83,  84,  85,  86,  87,  88,  89,  90,
        91,  92,  93,  94,  95,  96,  97,  98,  99, 100, 101, 102, 103,
       104, 105, 106, 107, 108, 109, 110, 111, 112, 113, 114, 115, 116,
       117, 118, 119, 120, 121, 122, 123, 124, 125, 126, 127, 128, 129,
       130, 131, 132, 133, 134, 135, 136, 137, 138, 139, 140, 141, 142,
       143, 144, 145, 146, 147, 148, 149, 150, 151])]"
5,315,290,"[array([ 0,  1,  2,  3,  4,  5,  6,  7,  8,  9, 10, 11, 12, 13, 14, 15, 16,
       17, 18, 19, 20, 21, 22, 23, 24, 25, 26, 27, 28, 29, 30, 31, 32, 33,
       34, 35, 36, 37, 38, 39, 40, 41, 42, 43, 44, 45, 46, 47, 48, 49, 50,
       51, 52, 53, 54, 55, 56, 57, 58, 59, 60, 61, 62, 63, 64, 65, 66, 67,
       68, 69, 70, 71, 72, 73, 74, 75, 76, 77, 78, 79, 80, 81, 82])]"
6,375,290,"[array([ 26,  27,  28,  29,  30,  31,  32,  33,  34,  35,  36,  37,  38,
        39,  40,  41,  42,  43,  44,  45,  46,  47,  48,  49,  50,  51,
        52,  72,  73,  79,  80,  81,  82, 122])]"
7,375,360,"[array([  0,   1,   2,   3,   4,   5,   6,   7,   8,   9,  10,  11,  12,
        13,  14,  15,  16,  17,  18,  19,  20,  21,  22,  23,  24,  25,
        26,  27,  28,  29,  30,  31,  32,  33,  34,  35,  36,  37,  38,
        39,  40,  41,  42,  43,  44,  45,  46,  47,  48,  49,  50,  51,
        52,  53,  54,  55,  56,  57,  58,  59,  60,  61,  62,  63,  64,
        65,  66,  67,  68,  69,  70,  71,  72,  73,  74,  75,  76,  77,
        78,  79,  80,  81,  82,  83,  84, 101, 102, 103, 104, 116, 117,
       118, 119, 120, 121, 122, 123, 124, 125, 126, 127, 128, 129, 130,
       131, 133])]"
8,375,430,"[array([  0,   1,   2,   3,   4,   5,   6,   7,   8,   9,  10,  11,  12,
        13,  14,  15,  16,  17,  18,  19,  20,  21,  22,  23,  24,  25,
        26,  27,  28,  29,  30,  31,  32,  33,  34,  35,  36,  37,  38,
        39,  40,  41,  42,  43,  44,  45,  46,  47,  48,  49,  50,  51,
        52,  53,  54,  55,  56,  57,  58,  59,  60,  61,  62,  63,  64,
        65,  66,  67,  68,  69,  70,  71,  72,  73,  74,  75,  76,  77,
        78,  79,  80,  81,  82,  83,  84,  85,  86,  87,  88,  89,  90,
        91,  92,  93,  99, 100, 101, 102, 103, 104, 105, 106, 107, 108,
       109, 114, 115, 116, 117, 118, 119, 120, 121, 122, 123, 124, 125,
       126, 127, 128, 129, 130, 131, 132, 133, 134, 135, 136, 137, 138])]"
9,375,565,"[array([  0,   1,   2,   3,   4,   5,   6,   7,   8,   9,  10,  11,  12,
        13,  14,  15,  16,  17,  18,  19,  20,  21,  22,  23,  24,  25,
        26,  27,  28,  29,  30,  31,  32,  33,  34,  35,  36,  37,  38,
        39,  40,  41,  42,  43,  44,  45,  46,  47,  48,  49,  50,  51,
        52,  53,  54,  55,  56,  57,  58,  59,  60,  61,  62,  63,  64,
        65,  66,  67,  68,  69,  70,  71,  72,  73,  74,  75,  76,  77,
        78,  79,  80,  81,  82,  83,  84,  85,  86,  87,  88,  89,  90,
        91,  92,  93,  94,  95,  96,  97,  98,  99, 100, 101, 102, 103,
       104, 105, 106, 107, 108, 109, 110, 111, 112, 113, 114, 115, 116,
       117, 118, 119, 120, 121, 122, 123, 124, 125, 126, 127, 128, 129,
       130, 131, 132, 133, 134, 135, 136, 137, 138, 139, 140, 141, 142,
       143, 144, 145, 146, 147, 148, 149, 150, 151, 152])]"
10,380,495,"[array([  0,   1,   2,   3,   4,   5,   6,   7,   8,   9,  10,  11,  12,
        13,  14,  15,  16,  17,  18,  19,  20,  21,  22,  23,  24,  25,
        26,  27,  28,  29,  30,  31,  32,  33,  34,  35,  36,  37,  38,
        39,  40,  41,  42,  43,  44,  45,  46,  47,  48,  49,  50,  51,
        52,  53,  54,  55,  56,  57,  58,  59,  60,  61,  62,  63,  64,
        65,  66,  67,  68,  69,  70,  71,  72,  73,  74,  75,  76,  77,
        78,  79,  80,  81,  82,  83,  84,  85,  86,  87,  88,  89,  90,
        91,  92,  93,  94,  95,  96,  97,  98,  99, 100, 101, 102, 103,
       104, 105, 106, 107, 108, 109, 110, 111, 112, 113, 114, 115, 116,
       117, 118, 119, 120, 121, 122, 123, 124, 125, 126, 127, 128, 129,
       130, 131, 132, 133, 134, 135, 136, 137, 138, 139, 140, 141, 142,
       143, 144, 145, 146, 147, 148, 149, 150, 151, 152, 153, 154, 155])]"
11,445,150,"[array([ 0,  1,  2,  3,  4,  5,  6,  7,  8,  9, 10, 11, 12, 13, 14, 15, 16,
       17, 18])]"
12,445,355,"[array([ 35,  36,  37,  38,  39,  40, 117, 118, 119, 120, 121, 122, 123,
       124, 125, 126, 128, 129])]"
13,445,495,"[array([  0,   1,   2,   3,   4,   5,   6,   7,   8,   9,  10,  11,  12,
        13,  14,  15,  16,  17,  18,  19,  20,  21,  22,  23,  24,  25,
        26,  27,  28,  29,  30,  31,  32,  33,  34,  35,  36,  37,  38,
        39,  40,  41,  42,  43,  44,  45,  46,  47,  48,  49,  50,  51,
        52,  53,  54,  55,  56,  57,  58,  59,  60,  61,  62,  63,  64,
        65,  66,  67,  68,  69,  70,  71,  72,  73,  74,  75,  76,  77,
        78,  79,  80,  81,  82,  83,  84,  85,  86,  87,  88,  89,  90,
        91,  92,  93,  94,  95,  96,  97,  98,  99, 100, 101, 102, 103,
       104, 105, 106, 107, 108, 109, 110, 111, 112, 113, 114, 115, 116,
       117, 118, 119, 120, 121, 122, 123, 124, 125, 126, 127, 128, 129,
       130, 131, 132, 133, 134, 135, 136, 137, 138, 139, 140, 141, 142,
       143, 144, 145, 146, 147, 148, 149, 150, 151, 152, 153, 154, 155,
       156])]"
14,445,570,"[array([  0,   1,   2,   3,   4,   5,   6,   7,   8,   9,  10,  11,  12,
        13,  14,  15,  16,  17,  18,  19,  20,  21,  22,  23,  24,  25,
        26,  27,  28,  29,  30,  31,  32,  33,  34,  35,  36,  37,  38,
        39,  40,  41,  42,  43,  44,  45,  46,  47,  48,  49,  50,  51,
        52,  53,  54,  55,  56,  57,  58,  59,  60,  61,  62,  63,  64,
        65,  66,  67,  68,  69,  70,  71,  72,  73,  74,  75,  76,  77,
        78,  79,  80,  81,  82,  83,  84,  85,  86,  87,  88,  89,  90,
        91,  92,  93,  94,  95,  96,  97,  98,  99, 100, 101, 102, 103,
       104, 105, 106, 107, 108, 109, 110, 111, 112, 113, 114, 115, 116,
       117, 118, 119, 120, 121, 122, 123, 124, 125, 126, 127, 128, 129,
       130, 131, 132, 133, 134, 135, 136, 137, 138, 139, 140, 141, 142,
       143, 144, 145, 146, 147, 148, 149, 150, 151, 152, 153, 154, 155,
       156, 157, 158, 159, 160, 162])]"
15,445,635,"[array([  6,   8,   9,  10,  11,  12,  13,  14,  15,  16,  17,  18,  19,
        20,  21,  22,  23,  24,  25,  26,  27,  28,  29,  30,  31,  32,
        33,  37,  38,  39,  40,  41,  42,  43,  44,  45,  46,  47,  48,
        49,  50,  51,  52,  53,  54,  55,  56,  57,  58,  59,  60,  61,
        62,  63,  64,  65,  66,  67,  68,  69,  70,  71,  72,  73,  74,
        75,  76,  77,  78,  79,  80,  81,  82,  83,  84,  85,  86,  87,
        88,  89,  90,  91,  92,  93,  94,  95,  96,  97,  98,  99, 100,
       101, 102, 103, 104, 105, 106, 107, 108, 109, 110, 111, 112, 113,
       114, 115, 116, 117, 118, 119, 120, 121, 122, 123, 124, 125, 126,
       127, 128, 129, 130, 131, 132, 133, 134, 135, 136, 137, 138, 139,
       140, 141, 142, 143, 144, 145, 146, 147, 148, 149, 150, 151, 152,
       153, 154, 155, 156, 157, 158, 159, 160, 161, 162, 163, 164, 165])]"
16,445,705,"[array([10, 11, 13, 14, 15, 16, 17, 18, 19, 20, 21, 22, 23, 24, 25, 26, 27,
       28, 29, 30, 31])]"
17,515,565,"[array([  0,   1,   2,   3,   4,   5,   6,   7,   8,   9,  10,  11,  12,
        13,  14,  15,  16,  17,  18,  19,  20,  21,  22,  23,  24,  25,
        26,  27,  28,  29,  30,  31,  32,  33,  34,  35,  36,  37,  38,
        39,  40,  41,  42,  43,  44,  45,  46,  47,  48,  49,  50,  51,
        52,  53,  54,  55,  56,  57,  58,  59,  60,  61,  62,  63,  64,
        65,  66,  67,  68,  69,  70,  71,  72,  73,  74,  75,  76,  77,
        78,  79,  80,  81,  82,  83,  84,  85,  86,  87,  88,  89,  90,
        91,  92,  93,  94,  95,  96,  97,  98,  99, 100, 101, 102, 103,
       104, 105, 106, 107, 108, 109, 110, 111, 112, 113, 114, 115, 116,
       117, 118, 119, 120, 121, 122, 123, 124, 125, 126, 127, 128, 129,
       130, 131, 132, 133, 134, 135, 136, 137, 138, 139, 140, 141, 142,
       143, 144, 145, 146, 147, 148, 149, 150, 151, 152, 153, 154, 155,
       156, 157, 158])]"
18,515,635,"[array([  0,   1,   2,   3,   5,   6,   7,   8,   9,  10,  11,  12,  13,
        14,  15,  16,  17,  18,  19,  20,  21,  22,  23,  24,  25,  26,
        27,  28,  29,  30,  31,  32,  33,  34,  35,  36,  37,  38,  39,
        40,  41,  42,  43,  44,  45,  46,  47,  48,  49,  50,  51,  52,
        53,  54,  55,  56,  57,  58,  59,  60,  61,  62,  63,  64,  65,
        66,  67,  68,  69,  70,  71,  72,  73,  74,  75,  76,  77,  78,
        79,  80,  81,  82,  83,  84,  85,  86,  87,  88,  89,  90,  91,
        92,  93,  94,  95,  96,  97,  98,  99, 100, 101, 102, 103, 104,
       105, 106, 107, 108, 109, 110, 111, 112, 113, 114, 115, 116, 117,
       118, 119, 120, 121, 122, 123, 124, 125, 126, 127, 128, 129, 130,
       131, 132, 133, 134, 135, 136, 137, 138, 139, 140, 141, 142, 143,
       144, 145, 146, 147, 148, 149, 150, 151, 152, 153, 154, 155, 156,
       157, 158, 159, 160, 161, 162, 163, 164, 165, 166, 167])]"
19,515,705,"[array([ 10,  11,  12,  13,  14,  15,  16,  17,  18,  19,  20,  21,  22,
        23,  24,  25,  26,  27,  40,  41,  42,  43,  44,  45,  46,  47,
        48,  49,  50,  51,  52,  53,  54,  55,  56,  57,  58,  59,  60,
        61,  62,  63,  64,  65,  66,  67,  68,  69,  70,  71,  72,  73,
        74,  75,  76,  77,  78,  79,  80,  81,  82,  83,  84,  85,  86,
        87,  88,  89,  90,  91,  92,  93,  94,  95,  96,  97,  98,  99,
       100, 101, 102, 103, 104, 105, 106, 107, 108, 109, 110, 111, 112,
       113, 114, 115, 116, 117, 118, 119, 120, 121, 122, 123, 124, 125,
       126, 127, 128, 129, 130, 131, 132, 133, 134, 135, 136, 137, 138,
       139, 140, 141, 142, 143, 144, 145, 146, 147, 148, 149, 150, 151,
       152, 153, 154, 155, 156, 157, 158, 159, 160, 161, 162, 163, 164,
       165, 166])]"
20,515,775,"[array([16, 17, 18, 19, 20, 21, 22, 23, 24, 25])]"
21,585,635,"[array([ 50,  51,  52,  53,  54,  55,  56,  57,  58,  59,  60,  61,  62,
        63,  64,  65,  66,  67,  68,  69,  70,  71,  72,  73,  74,  75,
        76,  77,  78,  79,  80,  81,  82,  83,  84,  85,  86,  87,  88,
        89,  90,  91,  92,  93,  94,  95,  96,  97,  98,  99, 100, 101,
       102, 103, 104, 105, 106, 107, 108, 109, 110, 111, 112, 113, 114,
       115, 116, 117, 118, 119, 120, 121, 122, 123, 124, 125, 126, 127,
       128, 129, 130, 131, 132, 133, 134, 135, 136, 137, 138, 139, 140,
       141, 142, 143, 144, 145, 146, 147, 148, 149, 150, 151, 152, 153,
       154, 155, 156, 157, 158, 159, 160, 161, 162, 163, 164, 165, 166,
       167, 168, 169, 170, 171, 172, 173, 174, 175, 176, 177, 178, 179,
       180, 181, 182, 183, 184, 185, 186, 187, 188, 189, 190, 191, 192,
       193, 194, 195, 197, 198, 199, 200, 201, 202, 203, 204, 205, 206,
       207, 208, 209, 210, 293, 294, 295, 296, 297, 298])]"
22,585,705,"[array([ 44,  45,  46,  47,  48,  49,  50,  51,  52,  53,  54,  55,  56,
        57,  58,  59,  60,  61,  62,  63,  64,  65,  66,  67,  68,  69,
        70,  71,  72,  73,  74,  75,  76,  77,  78,  79,  80,  81,  82,
        83,  84,  85,  86,  87,  88,  89,  90,  91,  92,  93,  94,  95,
        96,  97,  98,  99, 100, 101, 102, 103, 104, 105, 106, 107, 108,
       109, 110, 111, 112, 113, 114, 115, 116, 117, 118, 119, 120, 121,
       122, 123, 124, 125, 126, 127, 128, 129, 130, 131, 132, 133, 134,
       135, 136, 137, 138, 139, 140, 141, 142, 143, 144, 145, 146, 147,
       148, 149, 150, 151, 152, 153, 154, 155, 156, 157, 158, 159, 160,
       161, 162, 163, 164, 165, 166, 167, 168, 169, 170])]"
23,655,630,"[array([ 52,  53,  54,  55,  56,  57,  58,  59,  60,  61,  62,  63,  64,
        65,  66,  67,  68,  69,  70,  71,  72,  73,  74,  75,  76,  77,
        78,  79,  80,  81,  82,  83,  84,  85,  86,  87,  88,  89,  90,
        91,  92,  93,  94,  95,  96,  97,  98,  99, 100, 101, 102, 103,
       104, 105, 106, 107, 108, 109, 110, 111, 112, 113, 114, 115, 116,
       117, 118, 119, 120, 121, 122, 123, 124, 125, 126, 127, 128, 129,
       130, 131, 132, 133, 134, 135, 136, 137, 138, 139, 140, 141, 142,
       143, 144, 145, 146, 147, 148, 149, 150, 151, 152, 153, 154, 155,
       156, 157, 158, 159, 160, 161, 162, 163, 164, 165, 166, 167, 168,
       169, 170, 171, 172, 173, 174, 175, 176, 177, 178, 179, 180, 181,
       182, 183, 184, 185, 186, 187, 188, 189, 190, 191, 192, 193, 194,
       195, 196, 197, 198, 199, 200, 201, 202, 203, 204, 205, 206, 207,
       208, 209, 210, 211, 212, 213, 214, 215, 216, 217, 218, 219, 220,
       221, 222, 224, 225, 226, 227, 228, 229, 231, 232, 234, 235, 236,
       239, 240, 241, 242, 243, 244, 246, 248, 249, 250, 251, 252, 255,
       268, 269, 270, 271, 272, 273, 274, 275, 276, 277, 278, 279, 280,
       281, 282, 283, 284, 285, 287, 288, 289, 290, 291, 292, 293, 294,
       295, 296, 297, 298])]"
24,655,705,"[array([ 51,  53,  54,  55,  56,  57,  58,  59,  60,  61,  62,  63,  64,
        65,  66,  67,  68,  69,  70,  71,  72,  73,  74,  75,  76,  77,
        78,  79,  80,  81,  82,  83,  84,  85,  86,  87,  88,  89,  90,
        91,  92,  93,  94,  95,  96,  97,  98,  99, 100, 101, 102, 103,
       104, 105, 106, 107, 108, 109, 110, 111, 112, 113, 114, 115, 116,
       117, 118, 119, 120, 121, 122, 123, 124, 125, 126, 127, 128, 129,
       130, 131, 132, 133, 134, 135, 136, 137, 138, 139, 140, 141, 142,
       143, 144, 145, 146, 147, 148, 149, 150, 151, 152, 153, 154, 155,
       156, 157, 158, 159, 160, 161, 162, 163, 164, 165, 166, 167, 168,
       169, 170, 171, 172, 173, 174, 175, 176, 177, 178, 179, 180, 181,
       182, 183, 184, 185, 186, 187, 188, 189, 190, 191, 192, 193, 194,
       195, 196, 197, 198, 199, 200, 201, 202, 203, 204, 205, 206, 207,
       208, 209, 210, 211, 212, 213, 214, 215, 216, 217, 218, 219, 220,
       221, 222, 223, 224, 225, 226, 227, 228, 229, 230, 231, 232, 233,
       234, 235, 236, 237, 238, 239, 240, 241, 242, 243, 244, 245, 246,
       247, 248, 249, 250, 251, 252, 253, 254, 255, 256, 257, 258, 259,
       260, 261, 262, 263, 264, 265, 266, 267, 268, 269, 270, 271, 272,
       273, 274, 275, 276, 277, 278, 279, 280, 281, 282, 283, 284, 285,
       286, 287, 288, 289, 290, 291, 292, 293, 294, 295, 296, 297, 298])]"
25,655,775,"[array([ 69,  70,  71,  72,  73,  74,  75,  76,  77,  78,  79,  80,  81,
        82,  83,  84,  85,  86,  87,  88,  89,  90,  91,  92,  93,  94,
        95,  96,  97,  98,  99, 100, 101, 102, 103, 104, 105, 106, 107,
       108, 109, 110, 111, 112, 113, 114, 115, 116, 117, 118, 119])]"
26,655,845,"[array([102, 103, 104, 105, 106, 107, 108, 109, 110, 111, 112, 113, 114,
       115, 116])]"
27,725,700,"[array([ 55,  56,  57,  58,  59,  60,  61,  62,  63,  64,  65,  66,  67,
        68,  69,  70,  71,  72,  73,  74,  75,  76,  77,  78,  79,  80,
        81,  82,  83,  84,  85,  86,  87,  88,  89,  90,  91,  92,  93,
        94,  95,  96,  97,  98,  99, 100, 101, 102, 103, 104, 105, 106,
       107, 108, 109, 110, 111, 112, 113, 114, 115, 116, 117, 118, 119,
       120, 121, 122, 123, 124, 125, 126, 127, 128, 129, 130, 131, 132,
       133, 134, 135, 136, 137, 138, 139, 140, 141, 142, 143, 144, 145,
       146, 147, 148, 149, 150, 151, 152, 153, 154, 155, 156, 157, 158,
       159, 160, 161, 162, 163, 164, 165, 166, 167, 168, 169, 170, 171,
       172, 173, 174, 175, 176, 177, 178, 179, 180, 181, 182, 183, 184,
       185, 186, 187, 188, 189, 190, 191, 192, 193, 194, 195, 196, 197,
       198, 199, 200, 201, 202, 203, 204, 205, 206, 207, 208, 209, 210,
       211, 212, 213, 214, 215, 216, 217, 218, 219, 220, 221, 222, 223,
       224, 225, 226, 227, 228, 229, 230, 231, 232, 233, 234, 235, 236,
       237, 238, 239, 240, 241, 242, 243, 244, 245, 246, 247, 248, 249,
       250, 251, 252, 253, 254, 255, 256, 257, 258, 259, 260, 261, 262,
       263, 264, 265, 266, 267, 268, 269, 270, 271, 272, 273, 274, 275,
       276, 277, 278, 279, 280, 281, 282, 283, 284, 285, 286, 287, 288,
       289, 290, 291, 292, 293, 294, 295, 296, 297, 298])]"
28,725,770,"[array([ 62,  64,  65,  66,  67,  68,  69,  70,  71,  72,  73,  74,  75,
        76,  77,  78,  79,  80,  81,  82,  83,  84,  85,  86,  87,  88,
        89,  90,  91,  92,  93,  94,  95,  96,  97,  98,  99, 100, 101,
       102, 103, 104, 105, 106, 107, 108, 109, 110, 111, 112, 113, 114,
       115, 116, 117, 118, 119, 120, 121, 122, 123, 124, 125, 126, 127,
       128, 129, 130, 131, 132, 133, 134, 135, 136, 137, 138, 139, 140,
       141, 142, 143, 144, 145, 146, 147, 148, 149, 150, 151, 152, 153,
       154, 155, 156, 157, 158, 159, 160, 161, 162, 163, 164, 165, 166,
       167, 168, 169, 170, 171, 172, 173, 174, 175, 176, 177, 178, 179,
       180, 181, 182, 183, 184, 185, 186, 187, 188, 189, 190, 191, 192,
       193, 194, 195, 196, 197, 198, 199, 200, 201, 202, 203, 204, 205,
       206, 207, 208, 209, 210, 211, 212, 213, 214, 215, 216, 217, 218,
       219, 220, 221, 222, 223, 224, 225, 226, 227, 228, 229, 230, 231,
       232, 233, 234, 235, 236, 237, 238, 239, 240, 241, 242, 243, 244,
       245, 246, 247, 248, 249, 250, 251, 252, 253, 254, 255, 256, 257,
       258, 259, 260, 261, 262, 263, 264, 265, 266, 267, 268, 269, 270,
       271, 272, 273, 274, 275, 276, 277, 278, 279, 280, 281, 282, 283,
       284, 285, 286, 287, 288, 289, 290, 291, 292, 293, 294, 295, 296,
       297, 298])]"
29,725,840,"[array([ 70,  71,  72,  73,  74,  75,  76,  77,  78,  79,  80,  81,  82,
        83,  84,  85,  86,  87,  88,  89,  90,  91,  92,  93,  94,  95,
        96,  97,  98,  99, 100, 101, 102, 103, 117])]"
30,795,700,"[array([124, 125, 126, 127, 128, 129, 130, 131, 132, 133, 134, 135, 136,
       137, 138, 139, 140, 141, 142, 143, 144, 145, 146, 147, 148, 149,
       150, 151, 152, 153, 154, 155, 156, 157, 158, 159, 160, 161, 162,
       163, 164, 165, 166, 167, 168, 169, 170, 171, 172, 173, 174, 175,
       176, 177, 178, 179, 180, 181, 182, 183, 184, 185, 186, 187, 188,
       189, 190, 191, 192, 193, 194, 195, 196, 197, 198, 199, 200, 201,
       202, 203, 204, 205, 206, 207, 208, 209, 210, 211, 212, 213, 214,
       215, 216, 217, 218, 219, 220, 221, 222, 223, 224, 225, 226, 227,
       228, 229, 230, 231, 232, 233, 234, 235, 236, 237, 238, 239, 240,
       241, 242, 243, 244, 245, 246, 247, 248, 249, 250, 251, 252, 253,
       254, 255, 256, 257, 258, 259, 260, 261, 262, 263, 264, 265, 266,
       267, 268, 269, 270, 271, 272, 273, 274, 275, 276, 277, 278, 279,
       280, 281, 282, 283, 284, 285, 286, 287, 288, 289, 290, 291, 292,
       293, 294, 295, 296, 297, 298])]"
31,795,770,"[array([123, 124, 125, 126, 127, 128, 129, 130, 131, 132, 133, 134, 135,
       136, 137, 138, 139, 140, 141, 142, 143, 144, 145, 146, 147, 148,
       149, 150, 151, 152, 153, 154, 155, 156, 157, 158, 159, 160, 161,
       162, 163, 164, 165, 166, 167, 168, 169, 170, 171, 172, 173, 174,
       175, 176, 177, 178, 179, 180, 181, 182, 183, 184, 185, 186, 187,
       188, 189, 190, 191, 192, 193, 194, 195, 196, 197, 198, 199, 200,
       201, 202, 203, 204, 205, 206, 207, 208, 209, 210, 211, 212, 213,
       214, 215, 216, 217, 218, 219, 220, 221, 222, 223, 224, 225, 226,
       227, 228, 229, 230, 231, 232, 233, 234, 235, 236, 237, 238, 239,
       240, 241, 242, 243, 244, 245, 246, 247, 248, 249, 250, 251, 252,
       253, 254, 255, 256, 257, 258, 259, 260, 261, 262, 263, 264, 265,
       266, 267, 268, 269, 270, 271, 272, 273, 274, 275, 276, 277, 278,
       279, 280, 281, 282, 283, 284, 285, 286, 287, 288, 289, 290, 291,
       292, 293, 294, 295, 296, 297, 298])]"
32,795,840,"[array([ 83,  84,  85,  86,  87,  88,  89,  90,  91,  92,  93,  94,  95,
        96,  97,  98,  99, 100, 101])]"
33,860,560,"[array([156, 157, 158, 159, 160, 161, 162, 163, 164, 165, 166, 167, 168,
       169, 170, 171, 172, 173, 174, 175, 176, 177, 178, 179, 180, 181,
       182, 183, 184, 185, 186, 187, 188, 189, 190, 191, 192, 193, 194,
       195, 196, 197, 198, 199, 200, 201, 202, 203, 204, 205, 206, 207,
       208, 209, 210, 211, 212, 213, 214, 215, 216, 217, 218, 219, 220,
       221, 222, 223, 224, 225, 226, 227, 228, 229, 230, 231, 232, 233,
       234, 235, 236, 237, 238, 239, 240, 241, 242, 243, 244, 245, 246,
       247, 248, 249, 250, 251, 252, 253, 254, 255, 256, 257, 258, 259,
       260, 261, 262, 263, 264, 265, 266, 267, 268, 269, 270, 271, 272,
       273, 274, 275, 276, 277, 278, 279, 280, 281, 282, 283, 284, 285,
       286, 287, 288, 289, 290, 291, 292, 293, 294, 295, 296, 297, 298])]"
34,860,630,"[array([153, 154, 155, 156, 157, 158, 159, 160, 161, 162, 163, 164, 165,
       166, 167, 168, 169, 170, 171, 172, 173, 174, 175, 176, 177, 178,
       179, 180, 181, 182, 183, 184, 185, 186, 187, 188, 189, 190, 191,
       192, 193, 194, 195, 196, 197, 198, 199, 200, 201, 202, 203, 204,
       205, 206, 207, 208, 209, 210, 211, 212, 213, 214, 215, 216, 217,
       218, 219, 220, 221, 222, 223, 224, 225, 226, 227, 228, 229, 230,
       231, 232, 233, 234, 235, 236, 237, 238, 239, 240, 241, 242, 243,
       244, 245, 246, 247, 248, 249, 250, 251, 252, 253, 254, 255, 256,
       257, 258, 259, 260, 261, 262, 263, 264, 265, 266, 267, 268, 269,
       270, 271, 272, 273, 274, 275, 276, 277, 278, 279, 280, 281, 282,
       283, 284, 285, 286, 287, 288, 289, 290, 291, 292, 293, 294, 295,
       296, 297, 298])]"
35,865,700,"[array([130, 131, 132, 133, 134, 135, 136, 137, 138, 139, 140, 141, 142,
       143, 144, 145, 146, 147, 148, 149, 150, 151, 152, 153, 154, 155,
       156, 157, 158, 159, 160, 161, 162, 163, 164, 165, 166, 167, 168,
       169, 170, 171, 172, 173, 174, 175, 176, 177, 178, 179, 180, 181,
       182, 183, 184, 185, 186, 187, 188, 189, 190, 191, 192, 193, 194,
       195, 196, 197, 198, 199, 200, 201, 202, 203, 204, 205, 206, 207,
       208, 209, 210, 211, 212, 213, 214, 215, 216, 217, 218, 219, 220,
       221, 222, 223, 224, 225, 226, 227, 228, 229, 230, 231, 232, 233,
       234, 235, 236, 237, 238, 239, 240, 241, 242, 243, 244, 245, 246,
       247, 248, 249, 250, 251, 252, 253, 254, 255, 256, 257, 258, 259,
       260, 261, 262, 263, 264, 265, 266, 267, 268, 269, 270, 271, 272,
       273, 274, 275, 276, 277, 278, 279, 280, 281, 282, 283, 284, 285,
       286, 287, 288, 289, 290, 291, 292, 293, 294, 295, 296, 297, 298])]"
36,865,770,"[array([131, 132, 133, 134, 135, 136, 137, 138, 139, 140, 141, 142, 143,
       144, 145, 146, 147, 148, 149, 150, 151, 152, 153, 154, 155, 156,
       157, 158, 159, 160, 161, 162, 163, 164, 165, 166, 167, 168, 169,
       170, 171, 172, 173, 174, 175, 176, 177, 178, 179, 180, 181, 182,
       183, 184, 185, 186, 187, 188, 189, 190, 191, 192, 193, 194, 195,
       196, 197, 198, 199, 200, 201, 202, 203, 204, 205, 206, 207, 208,
       209, 210, 211, 212, 213, 214, 215, 216, 217, 218, 219, 220, 221,
       222, 223, 224, 225, 226, 227, 228, 229, 230, 231, 232, 233, 234,
       235, 236, 237, 238, 239, 240, 241, 242, 243, 244, 245, 246, 247,
       248, 249, 250, 251, 252, 253, 254, 255, 256, 257, 258, 259, 260,
       261, 262, 263, 264, 265, 266, 267, 268, 269, 270, 271, 272, 273,
       274, 275, 276, 277, 278, 279, 280, 281, 282, 283, 284, 285, 286,
       287, 288, 289, 290, 291, 292, 293, 294, 295, 296, 297, 298])]"
37,930,490,"[array([156, 157, 158, 159, 160, 161, 162, 163, 164, 165, 166, 167, 168,
       169, 170, 171, 172, 173, 174, 175, 176, 177, 178, 179, 180, 181,
       182, 183, 184, 185, 186, 187, 188, 189, 190, 191, 192, 193, 194,
       195, 196, 197, 198, 199, 200, 201, 202, 203, 204, 205, 206, 207,
       208, 209, 210, 211, 212, 213, 214, 215, 216, 217, 218, 219, 220,
       221, 222, 223, 224, 225, 226, 227, 228, 229, 230, 231, 232, 233,
       234, 235, 236, 237, 238, 239, 240, 241, 242, 243, 244, 245, 246,
       247, 248, 249, 250, 251, 252, 253, 254, 255, 256, 257, 258, 259,
       260, 261, 262, 263, 264, 265, 266, 267, 268, 269, 270, 271, 272,
       273, 274, 275, 276, 277, 278, 279, 280, 281, 282, 283, 284, 285,
       286, 287, 288, 289, 290, 291, 292, 293, 294, 295, 296, 297, 298])]"
38,930,560,"[array([153, 154, 155, 156, 157, 158, 159, 160, 161, 162, 163, 164, 165,
       166, 167, 168, 169, 170, 171, 172, 173, 174, 175, 176, 177, 178,
       179, 180, 181, 182, 183, 184, 185, 186, 187, 188, 189, 190, 191,
       192, 193, 194, 195, 196, 197, 198, 199, 200, 201, 202, 203, 204,
       205, 206, 207, 208, 209, 210, 211, 212, 213, 214, 215, 216, 217,
       218, 219, 220, 221, 222, 223, 224, 225, 226, 227, 228, 229, 230,
       231, 232, 233, 234, 235, 236, 237, 238, 239, 240, 241, 242, 243,
       244, 245, 246, 247, 248, 249, 250, 251, 252, 253, 254, 255, 256,
       257, 258, 259, 260, 261, 262, 263, 264, 265, 266, 267, 268, 269,
       270, 271, 272, 273, 274, 275, 276, 277, 278, 279, 280, 281, 282,
       283, 284, 285, 286, 287, 288, 289, 290, 291, 292, 293, 294, 295,
       296, 297, 298])]"
39,930,630,"[array([147, 149, 150, 151, 152, 153, 154, 155, 156, 157, 158, 159, 160,
       161, 162, 163, 164, 165, 166, 167, 168, 169, 170, 171, 172, 173,
       174, 175, 176, 177, 178, 179, 180, 181, 182, 183, 184, 185, 186,
       187, 188, 189, 190, 191, 192, 193, 194, 195, 196, 197, 198, 199,
       200, 201, 202, 203, 204, 205, 206, 207, 208, 209, 210, 211, 212,
       213, 214, 215, 216, 217, 218, 219, 220, 221, 222, 223, 224, 225,
       226, 227, 228, 229, 230, 231, 232, 233, 234, 235, 236, 237, 238,
       239, 240, 241, 242, 243, 244, 245, 246, 247, 248, 249, 250, 251,
       252, 253, 254, 255, 256, 257, 258, 259, 260, 261, 262, 263, 264,
       265, 266, 267, 268, 269, 270, 271, 272, 273, 274, 275, 276, 277,
       278, 279, 280, 281, 282, 283, 284, 285, 286, 287, 288, 289, 290,
       291, 292, 293, 294, 295, 296, 297, 298])]"
40,935,700,"[array([137, 138, 140, 141, 142, 143, 144, 145, 146, 147, 148, 149, 150,
       151, 152, 153, 154, 155, 156, 157, 158, 159, 160, 161, 162, 163,
       164, 165, 166, 167, 168, 169, 170, 171, 172, 173, 174, 175, 176,
       177, 178, 179, 180, 181, 182, 183, 184, 185, 186, 187, 188, 189,
       190, 191, 192, 193, 194, 195, 196, 197, 198, 199, 200, 201, 202,
       203, 204, 205, 206, 207, 208, 209, 210, 211, 212, 213, 214, 215,
       216, 217, 218, 219, 220, 221, 222, 223, 224, 225, 226, 227, 228,
       229, 230, 231, 232, 233, 234, 235, 236, 237, 238, 239, 240, 241,
       242, 243, 244, 245, 246, 247, 248, 249, 250, 251, 252, 253, 254,
       255, 256, 257, 258, 259, 260, 261, 262, 263, 264, 265, 266, 267,
       268, 269, 270, 271, 272, 273, 274, 275, 276, 277, 278, 279, 280,
       281, 282, 283, 284, 285, 286, 287, 288, 289, 290, 291, 292, 293,
       294, 295, 296, 297, 298])]"
41,1000,345,"[array([168, 169, 171, 172, 173, 174, 177, 178, 179, 180, 181, 182, 183,
       184, 185, 186, 187, 188, 189, 190, 191, 192, 193, 194, 195, 196,
       197, 198, 199, 200, 201, 202, 203, 204, 205, 206, 207, 208, 209,
       210, 211, 212, 213, 214, 215, 216, 217, 218, 219, 220, 221, 222,
       223, 224, 225, 226, 227, 228, 229, 230, 231, 232, 233, 234, 235,
       236, 237, 238, 239, 240, 241, 242, 243, 244, 245, 246, 247, 248,
       249, 250, 251, 252, 253, 254, 255, 256, 257, 258, 259, 260, 261,
       262, 263, 264, 265, 266, 267, 268, 269, 270, 271, 272, 273, 274,
       275, 276, 277, 278, 279, 280, 281, 282, 283, 284, 285, 286, 287,
       288, 289, 290, 291, 292, 293, 294, 295, 296])]"
42,1000,415,"[array([164, 166, 167, 168, 169, 170, 171, 172, 173, 174, 175, 176, 177,
       178, 179, 180, 181, 182, 183, 184, 185, 186, 187, 188, 189, 190,
       191, 192, 193, 194, 195, 196, 197, 198, 199, 200, 201, 202, 203,
       204, 205, 206, 207, 208, 209, 210, 211, 212, 213, 214, 215, 216,
       217, 218, 219, 220, 221, 222, 223, 224, 225, 226, 227, 228, 229,
       230, 231, 232, 233, 234, 235, 236, 237, 238, 239, 240, 241, 242,
       243, 244, 245, 246, 247, 248, 249, 250, 251, 252, 253, 254, 255,
       256, 257, 258, 259, 260, 261, 262, 263, 264, 265, 266, 267, 268,
       269, 270, 271, 272, 273, 274, 275, 276, 277, 278, 279, 280, 281,
       282, 283, 284, 285, 286, 287, 288, 289, 290, 291, 292, 293, 294,
       295, 296, 297, 298])]"
43,1000,485,"[array([158, 159, 160, 161, 162, 163, 164, 165, 166, 167, 168, 169, 170,
       171, 172, 173, 174, 175, 176, 177, 178, 179, 180, 181, 182, 183,
       184, 185, 186, 187, 188, 189, 190, 191, 192, 193, 194, 195, 196,
       197, 198, 199, 200, 201, 202, 203, 204, 205, 206, 207, 208, 209,
       210, 211, 212, 213, 214, 215, 216, 217, 218, 219, 220, 221, 222,
       223, 224, 225, 226, 227, 228, 229, 230, 231, 232, 233, 234, 235,
       236, 237, 238, 239, 240, 241, 242, 243, 244, 245, 246, 247, 248,
       249, 250, 251, 252, 253, 254, 255, 256, 257, 258, 259, 260, 261,
       262, 263, 264, 265, 266, 267, 268, 269, 270, 271, 272, 273, 274,
       275, 276, 277, 278, 279, 280, 281, 282, 283, 284, 285, 286, 287,
       288, 289, 290, 291, 292, 293, 294, 295, 296, 297, 298])]"
44,1070,275,"[array([180, 182, 185, 186, 188, 189, 190, 191, 193, 194, 195, 196, 197,
       199, 200, 201, 202, 204, 205, 206, 207, 208, 209, 210, 211, 212,
       214, 215, 216, 217, 218, 219, 220, 221, 222, 223, 224, 225, 226,
       227, 228, 229, 230, 231, 232, 233, 234, 235, 236, 237, 238, 239,
       240, 241, 242, 243, 244, 245, 246, 247, 248, 249, 250, 251, 252,
       253, 254, 255, 256, 257, 258, 259, 260, 261, 262, 263, 264, 265,
       266, 267, 268, 269, 270, 272, 273, 274, 275, 276, 281, 282, 283,
       284, 285, 286, 287, 288, 289, 290, 293])]"
45,1070,345,"[array([168, 169, 170, 171, 172, 173, 174, 175, 176, 177, 178, 179, 180,
       181, 182, 183, 184, 185, 186, 187, 188, 189, 190, 191, 192, 193,
       194, 195, 196, 197, 198, 199, 200, 201, 202, 203, 204, 205, 206,
       207, 208, 209, 210, 211, 212, 213, 214, 215, 216, 217, 218, 219,
       220, 221, 222, 223, 224, 225, 226, 227, 228, 229, 230, 231, 232,
       233, 234, 235, 236, 237, 238, 239, 240, 241, 242, 243, 244, 245,
       246, 247, 248, 249, 250, 251, 252, 253, 254, 255, 256, 257, 258,
       259, 260, 261, 262, 263, 264, 265, 266, 267, 268, 269, 270, 271,
       272, 273, 274, 275, 276, 277, 278, 279, 280, 281, 282, 283, 284,
       285, 286, 287, 288, 289, 290, 291, 292, 293, 294, 295, 296, 297,
       298])]"
46,1070,415,"[array([166, 167, 168, 169, 170, 171, 172, 173, 174, 175, 176, 177, 178,
       179, 180, 181, 182, 183, 184, 185, 186, 187, 188, 189, 190, 191,
       192, 193, 194, 195, 196, 197, 198, 199, 200, 201, 202, 203, 204,
       205, 206, 207, 208, 209, 210, 211, 212, 213, 214, 215, 216, 217,
       218, 219, 220, 221, 222, 223, 224, 225, 226, 227, 228, 229, 230,
       231, 232, 233, 234, 235, 236, 237, 238, 239, 240, 241, 242, 243,
       244, 245, 246, 247, 248, 249, 250, 251, 252, 253, 254, 255, 256,
       257, 258, 259, 260, 261, 262, 263, 264, 265, 266, 267, 268, 269,
       270, 271, 272, 273, 274, 275, 276, 277, 278, 279, 280, 281, 282,
       283, 284, 285, 286, 287, 288, 289, 290, 291, 292, 293, 294, 295,
       296, 297, 298])]"
